{
  "RegularPrice": 0.007272939500829116,
  "PromoPrice": 0.010984286059838652,
  "PurchasePriceBefore": 0.01376695160775588,
  "PurchasePricePromo": 0.01390242804544428,
  "PercentPriceDrop": 0.00645452871363561,
  "VolumeRegular": 0.02820082139634042,
  "HistoricalSalesPromo": 0.014538522806546213,
  "SalesQty_PrevModel": 0.4768303328434583,
  "FM_Regular": 0.012506588555592224,
  "FM_Promo": 0.007928246461045604,
  "TurnoverBefore": 0.02265774644294167,
  "TurnoverPromo": 0.13014507388674917,
  "SeasonCoef_Week": 0.0,
  "ManualCoefficientFlag": 0.0,
  "IsNewSKU": 0.0,
  "IsAnalogSKU": 0.0
}