{
  "month": 0.21955754027628113,
  "week": 0.9956442209812603,
  "regular_price": 0.6899977713913739,
  "promo_price": 0.43414845722876244
}