{
  "month": 0.23378811101010286,
  "week": 1.0040619072641712,
  "regular_price": 0.6775630558053694,
  "promo_price": 0.42694107777025075
}