{
  "month": 0.23088613079636863,
  "week": 0.9861924277361243,
  "regular_price": 0.6380355339438767,
  "promo_price": 0.48313176944633246
}